{"cameraMode":{"drawMode":0,"name":"Shaded","section":"Shading Mode"},"sceneLighting":true,"audioPlay":false,"sceneViewState":{"showFog":true,"showMaterialUpdate":false,"showSkybox":true,"showFlares":true,"showImageEffects":true,"showParticleSystems":true},"in2DMode":false,"pivot":{"x":0.2953166961669922,"y":9.008877754211426,"z":0.9418773651123047},"rotation":{"x":0.07021886855363846,"y":0.07921907305717468,"z":-0.005594199988991022,"w":0.9943653345108032},"size":204.13580322265626,"orthographic":false}