{"cameraMode":{"drawMode":0,"name":"Shaded","section":"Shading Mode"},"sceneLighting":true,"audioPlay":false,"sceneViewState":{"showFog":true,"showMaterialUpdate":false,"showSkybox":true,"showFlares":true,"showImageEffects":true,"showParticleSystems":true},"in2DMode":false,"pivot":{"x":-1.469386100769043,"y":1.6300163269042969,"z":3.78814697265625},"rotation":{"x":0.350269615650177,"y":-0.05474957823753357,"z":0.02051418274641037,"w":0.9348223805427551},"size":59.044673919677737,"orthographic":false}