{"cameraMode":{"drawMode":0,"name":"Shaded","section":"Shading Mode"},"sceneLighting":false,"audioPlay":false,"sceneViewState":{"showFog":true,"showMaterialUpdate":false,"showSkybox":true,"showFlares":true,"showImageEffects":true,"showParticleSystems":true},"in2DMode":false,"pivot":{"x":-1.5399956703186036,"y":0.7512780427932739,"z":-2.805999994277954},"rotation":{"x":0.24402207136154176,"y":0.08569116145372391,"z":-0.0216525848954916,"w":0.9657335877418518},"size":4.952690601348877,"orthographic":false}