{"cameraMode":{"drawMode":0,"name":"Shaded","section":"Shading Mode"},"sceneLighting":false,"audioPlay":false,"sceneViewState":{"showFog":true,"showMaterialUpdate":false,"showSkybox":true,"showFlares":true,"showImageEffects":true,"showParticleSystems":true},"in2DMode":false,"pivot":{"x":-2.965104579925537,"y":-0.0049533843994140629,"z":-3.374730110168457},"rotation":{"x":0.2302854061126709,"y":0.032106272876262668,"z":-0.007602187339216471,"w":0.9725636839866638},"size":42.72903060913086,"orthographic":false}